org_id,attachment_type_id
adele-koller-knusli-stiftung,jahresbericht-und-jahresrechnung
adele-koller-knusli-stiftung,revisionsbericht
albert-und-ida-beer-stiftung,arztzeugnis
albert-und-ida-beer-stiftung,ausbildungsbestatigung
albert-und-ida-beer-stiftung,referenzen
alfred-und-bertha-zangger-weber-stiftung,ausbildungsbestatigung
alfred-und-bertha-zangger-weber-stiftung,kontoangaben
alfred-und-bertha-zangger-weber-stiftung,referenzen
alfred-und-bertha-zangger-weber-stiftung,vollstandiger-lebenslauf-inkl-geburtsdatum
alfred-und-bertha-zangger-weber-stiftung,aktuelle-steuererklarung
alfred-und-bertha-zangger-weber-stiftung,liste-samtlicher-angefragter-stiftungen
anna-caroline-stiftung,ausbildungsbestatigung
anna-caroline-stiftung,beilagen-gemass-unserem-formular-auf-der-website
anna-und-paul-bucher-gossweiler-stiftung,arztzeugnis
anna-und-paul-bucher-gossweiler-stiftung,ausbildungsbestatigung
anna-und-paul-bucher-gossweiler-stiftung,kontoangaben
anna-und-paul-bucher-gossweiler-stiftung,referenzen
anna-und-paul-bucher-gossweiler-stiftung,steuererklarungen
anna-und-paul-bucher-gossweiler-stiftung,eventuell-bericht-des-betriebsberaters
august-weidmann-fursorge-stiftung,arztzeugnis
august-weidmann-fursorge-stiftung,ausbildungsbestatigung
august-weidmann-fursorge-stiftung,kontoangaben
august-weidmann-fursorge-stiftung,referenzen
august-weidmann-fursorge-stiftung,personalien
august-weidmann-fursorge-stiftung,aktuelle-steuerrechnung
august-weidmann-fursorge-stiftung,finanzierungsplan
august-weidmann-fursorge-stiftung,liste-der-angefragten-stiftungen
buchmann-kollbrunner-stiftung,arztzeugnis
buchmann-kollbrunner-stiftung,ausbildungsbestatigung
buchmann-kollbrunner-stiftung,kontoangaben
buchmann-kollbrunner-stiftung,referenzen
buchmann-kollbrunner-stiftung,finanzierungsplan-mit-aufstellung-aller-eingereichten-gesuche
buchmann-kollbrunner-stiftung,finanzielle-verhaltnisse-des-gesuchstellers-genaue-anweisungen-auf-website-www-b
burgschafts-und-darlehensgenossenschaft,ausbildungsbestatigung
burgschafts-und-darlehensgenossenschaft,kontoangaben
burgschafts-und-darlehensgenossenschaft,referenzen
burgschafts-und-darlehensgenossenschaft,buda-gesuchformular-mit-budgetblatt-u-beilagen
cassinelli-vogel-stiftung,ausbildungsbestatigung
cassinelli-vogel-stiftung,kontoangaben
cassinelli-vogel-stiftung,einzahlungsschein
chana-lutomirsky-stiftung,arztzeugnis
chana-lutomirsky-stiftung,kontoangaben
charles-e-blatter-stiftung,ausbildungsbestatigung
charles-e-blatter-stiftung,kontoangaben
charles-e-blatter-stiftung,referenzen
charles-e-blatter-stiftung,cv-halbjahresbudget-aktuelle-stipendienentscheide-und-darlehenszusagen-letzte-st
clara-fehr-stiftung,gesuch-mit-antrag-um-kostenubernahme-fur-leistungen
clara-fehr-stiftung,die-von-den-sozialversicherungen-nicht-ubernommen-werden-konnen-mit-entsprechend
clara-fehr-stiftung,familie
clara-fehr-stiftung,finanzen
deutscher-hilfsverein-zurich,kontoangaben
deutscher-hilfsverein-zurich,kopie-reisepass-und-letzter-steuererklaung
deutscher-hilfsverein-zurich,kopie-auslanderausweis
deutscher-hilfsverein-zurich,aufstellung-einnahmen-ausgaben
dora-grob-reinhart-stiftung,kontoangaben
dr-arnold-u-huggenberger-stiftung,bei-institutionen-statuten
dr-arnold-u-huggenberger-stiftung,mitgliederverzeichnis
dr-arnold-u-huggenberger-stiftung,jahresbericht
dr-arnold-u-huggenberger-stiftung,jahresrechnung
dr-arnold-u-huggenberger-stiftung,budget
dr-arnold-u-huggenberger-stiftung,bei-privatpersonen-monatliche-einkunfte-ausgaben
dr-arnold-u-huggenberger-stiftung,steuerausweis
dr-max-husmann-stiftung,ausbildungsbestatigung
dr-max-husmann-stiftung,kopie-maturitatszeugnis
dr-max-husmann-stiftung,lebenslauf
dr-max-husmann-stiftung,schriftliche-begrundung
dr-stephan-a-porta-stiftung,online-formular-details-zur-institution-name
dr-stephan-a-porta-stiftung,rechtsform
dr-stephan-a-porta-stiftung,adresse
dr-stephan-a-porta-stiftung,ansprechperson
dr-stephan-a-porta-stiftung,tel
dr-stephan-a-porta-stiftung,e-mail
dr-stephan-a-porta-stiftung,homepage
dr-stephan-a-porta-stiftung,zum-projekt-projekttitel
dr-stephan-a-porta-stiftung,kurzbegrundung-mittelbedarf
dr-stephan-a-porta-stiftung,zielgruppe
dr-stephan-a-porta-stiftung,anteil-stadtzurcher-innen
dr-stephan-a-porta-stiftung,projektdauer-zeitraum
dr-stephan-a-porta-stiftung,zu-den-kosten
dr-stephan-a-porta-stiftung,den-beitragen-dritter-zusatzliche-unterlagen-kurportrat-der-institution
dr-stephan-a-porta-stiftung,detaillierte-beschreibung-begrundung-des-projekts-max-5-seiten
dr-stephan-a-porta-stiftung,detaillierter-kostenvoranschlag
dr-stephan-a-porta-stiftung,ev-richtpreisofferten
dr-stephan-a-porta-stiftung,jahresbericht
dr-stephan-a-porta-stiftung,jahresrechnung-und-budget-aktuelle-verfugbare-version
dr-stephan-a-porta-stiftung,statuten
educationsuisse,ausbildungsbestatigung
educationsuisse,kontoangaben
educationsuisse,liste-aller-beilagen-auf-anfrage
elisabetha-baumann-fonds,ausbildungsbestatigung
elisabetha-baumann-fonds,kontoangaben
elisabetha-baumann-fonds,angaben-uber-finanzielle-verhaltnisse-vermogen
emil-huber-stockar-stiftung,schriftliches-gesuch-mit-belegen-betreffend-der-finanziellen-aspekte
eth-zurich-studienfinanzierung,einzureichende-beilagen-entsprechend-speziellem-merkblatt
f-a-kagi-rutishauser-stiftung,ausbildungsbestatigung
f-a-kagi-rutishauser-stiftung,kontoangaben
f-a-kagi-rutishauser-stiftung,referenzen
f-a-kagi-rutishauser-stiftung,finanzplan
f-a-kagi-rutishauser-stiftung,steuerausweiskopie
fred-tschanz-stiftung,arztzeugnis
fred-tschanz-stiftung,ausbildungsbestatigung
fred-tschanz-stiftung,referenzen
friedrich-und-amalie-meyer-baumann-stiftung,arztzeugnis
friedrich-und-amalie-meyer-baumann-stiftung,kontoangaben
fritz-gerber-stiftung-fur-begabte-junge-menschen,ausbildungsbestatigung
fritz-gerber-stiftung-fur-begabte-junge-menschen,kontoangaben
fritz-gerber-stiftung-fur-begabte-junge-menschen,referenzen
fritz-gerber-stiftung-fur-begabte-junge-menschen,lebenslauf
fritz-gerber-stiftung-fur-begabte-junge-menschen,kostenaufstellung
fritz-gerber-stiftung-fur-begabte-junge-menschen,steuerformulare
gemeinnutzige-gesellschaft-des-bezirks-affoltern,ausbildungsbestatigung
gemeinnutzige-gesellschaft-des-bezirks-affoltern,referenzen
gemeinnutzige-gesellschaft-des-bezirks-bulach,ausbildungsbestatigung
gemeinnutzige-gesellschaft-des-bezirks-bulach,kontoangaben
gemeinnutzige-gesellschaft-des-bezirks-bulach,finanzielle-ubersicht
gemeinnutzige-gesellschaft-des-bezirks-bulach,begleitschreiben-einer-sozialen-institution
gemeinnutzige-gesellschaft-des-bezirks-dielsdorf,sehr-einfach-mit-schriftlichem-gesuch-inkl-kurzbegrundung
gemeinnutzige-gesellschaft-des-bezirks-hinwil,arztzeugnis
gemeinnutzige-gesellschaft-des-bezirks-hinwil,ausbildungsbestatigung
gemeinnutzige-gesellschaft-des-bezirks-hinwil,kontoangaben
gemeinnutzige-gesellschaft-des-bezirks-hinwil,referenzen
gemeinnutzige-gesellschaft-des-bezirks-hinwil,kopie-steuererklarung
gemeinnutzige-gesellschaft-des-bezirks-pfaffikon,privatpersonen-nur-via-soziale-institution
gemeinnutzige-gesellschaft-des-bezirks-pfaffikon,institutionen-gesuch-inkl-begleitschreiben
gemeinnutzige-gesellschaft-des-bezirks-pfaffikon,statuten
gemeinnutzige-gesellschaft-des-bezirks-pfaffikon,letzte-2-jahresrechnungen-inkl-bilanz
gemeinnutzige-gesellschaft-des-bezirks-pfaffikon,projektbudget
gemeinnutzige-gesellschaft-des-bezirks-pfaffikon,kontoangaben
gemeinnutzige-gesellschaft-des-bezirks-uster,ausbildungsbestatigung
gemeinnutzige-gesellschaft-des-bezirks-uster,kontoangaben
gemeinnutzige-gesellschaft-des-bezirks-uster,referenzen
gemeinnutzige-gesellschaft-des-bezirks-uster,begrundung-des-gesuchs
gemeinnutzige-gesellschaft-des-bezirks-uster,lebenslauf
georg-und-bertha-schwyzer-winiker-stiftung,arztzeugnis
gottfried-r-friedli-stiftung,ausbildungsbestatigung
gottfried-r-friedli-stiftung,kontoangaben
gottfried-r-friedli-stiftung,referenzen
gottfried-r-friedli-stiftung,studienplan
gottfried-r-friedli-stiftung,budgetplan
gottfried-scharer-stiftung,kontoangaben
hans-wegmann-stiftung,ausbildungsbestatigung-es-muss-ein-sonderpadagogisches-bedurfnis-vorhanden-sein
hans-wegmann-stiftung,welches-durch-die-schulleitung-zu-bestatigen-ist-der-anmeldung-ist-die-protokoll
hans-und-mathilde-eichenberger-stiftung,kontoangaben
hans-und-mathilde-eichenberger-stiftung,budget
hans-und-mathilde-eichenberger-stiftung,steuerzahlen
hatt-bucher-stiftung,berechnung-bescheinigung-erganzungsleistungen-wenn-vorhanden
hatt-bucher-stiftung,einzahlungsschein-lautend-auf-die-gesuchstellende-organisation
hedwig-widmer-stiftung,ausbildungsbestatigung
hedwig-widmer-stiftung,kontoangaben
hedwig-widmer-stiftung,steuererklarung-rechnung
hedwig-widmer-stiftung,budgetaufstellung
hedwig-widmer-stiftung,mietvertrag
hedwig-widmer-stiftung,berechnung-erganzungsleistungen
hedwig-widmer-stiftung,falls-vorhanden-allenfalls-wohnsitzbestatigung-die-stiftung-kann-nach-bedarf-wei
hausermann-courvoisier-stiftung,ausbildungsbestatigung
helfer-und-schluter-stiftung,finanzierungsplan
helfer-und-schluter-stiftung,monatsbudget
huber-graf-und-billeter-graf-stiftung,arztzeugnis
huber-graf-und-billeter-graf-stiftung,kontoangaben
huber-graf-und-billeter-graf-stiftung,angaben-zur-einkommenssituation
huber-graf-und-billeter-graf-stiftung,vermogen-und-schulden
huber-graf-und-billeter-graf-stiftung,gesuche-an-andere-institutionen
huber-graf-und-billeter-graf-stiftung,begrundung-des-gesuches-mit-erforderlichem-betrag
huber-graf-und-billeter-graf-stiftung,ev-finanzierungsplan
huber-graf-und-billeter-graf-stiftung,einzahlungsschein
hulfsgesellschaft-in-zurich,ausbildungsbestatigung
hulfsgesellschaft-in-zurich,kontoangaben
hulfsgesellschaft-in-zurich,formular-beitragsgesuch-an-fonds-und-stiftungen-www-hulfsgesellsellschaft-zurich
jubilaumsstiftung-der-schweizer-reisekasse,budget
jubilaumsstiftung-der-schweizer-reisekasse,teilnehmerliste
jubilaumsstiftung-der-schweizer-reisekasse,kostenabrechnung
jubilaumsstiftung-der-schweizer-reisekasse,betreuerliste
kaspar-spoerry-stiftung,kontoangaben
kaspar-spoerry-stiftung,kostenvoranschlag
kaspar-spoerry-stiftung,begrundetes-gesuch
kids-kidney-care,je-nach-fall-konnen-wir-eine-bestatigung-des-sozialdienstes-arztes-verlangen-wir
krokop-stiftung,arztzeugnis
krokop-stiftung,ausbildungsbestatigung
krokop-stiftung,referenzen-zielgruppe-jugend
krokop-stiftung,familie
krokop-stiftung,soz-institutionen
krokop-stiftung,gesundheit
krokop-stiftung,armut
krokop-stiftung,ausbildung
kurt-fontheim-stiftung,ausbildungsbestatigung
kurt-fontheim-stiftung,kontoangaben
kurt-fontheim-stiftung,lebenslauf
kurt-fontheim-stiftung,vermogensverhaltnisse-inkl-eltern
kurt-fontheim-stiftung,aussichten-nach-berufsausbildung
kurt-fontheim-stiftung,genaue-angaben-uber-einnahmen-und-ausgaben-budget
kurt-fontheim-stiftung,steuererklarung-eltern
kurt-fontheim-stiftung,eigene
lotteriefonds-des-kantons-zurich,projektbeschreibung
lotteriefonds-des-kantons-zurich,genaue-kostenaufstellung
lotteriefonds-des-kantons-zurich,finanzierungsplan
lotteriefonds-des-kantons-zurich,jahresberichte
lotteriefonds-des-kantons-zurich,budget-des-laufenden-jahres
lotteriefonds-des-kantons-zurich,statuten
lotteriefonds-des-kantons-zurich,bezug-zum-kanton-siehe-www-lotteriefonds-ch
luiza-penha-walter-renteiro-stiftung-bezirk-meilen,ausbildungsbestatigung
luiza-penha-walter-renteiro-stiftung-bezirk-meilen,kontoangaben
luiza-penha-walter-renteiro-stiftung-bezirk-meilen,referenzen
luiza-penha-walter-renteiro-stiftung-bezirk-meilen,finanzierungsplan
martha-bock-stiftung,kontoangaben
max-rudolf-forrer-stiftung,arztzeugnis
max-rudolf-forrer-stiftung,kontoangaben
max-rudolf-forrer-stiftung,nachweise-bedurftigkeit
max-rudolf-forrer-stiftung,nachweis-kosten
max-rudolf-forrer-stiftung,fur-welche-um-finanzielle-beitragsleistung-ersucht-wird
max-und-erika-gideon-stiftung,arztzeugnis
max-und-erika-gideon-stiftung,ausbildungsbestatigung
max-und-erika-gideon-stiftung,kontoangaben
max-und-erika-gideon-stiftung,referenzen
moriz-und-elsa-von-kuffner-stiftung,ausbildungsbestatigung
moriz-und-elsa-von-kuffner-stiftung,kontoangaben
moriz-und-elsa-von-kuffner-stiftung,beilagen-gemass-formular
orphelina-stiftung,vollstandige-kurze-schilderung-des-falles
orphelina-stiftung,inklusive-personalien
orphelina-stiftung,budget
orphelina-stiftung,zweck-der-nachgefragten-summe-im-zweifelsfall-gibt-die-seite-www-sgg-ssup-ch-pra
oscar-seeger-stiftung,kontoangaben
oscar-seeger-stiftung,projektbeschrieb-und-finanzierung
oscar-seeger-stiftung,infos-uber-organisation
oscar-seeger-stiftung,jahresrechnung
paul-peter-alden-stiftung,kontoangaben
paul-und-anna-klaproth-stiftung,kontoangaben
paul-und-anna-klaproth-stiftung,gesuch-mit-begrundung-bzw-nachweis
paul-und-anna-klaproth-stiftung,dass-bedingungen-gemass-zielgruppe-erfullt-sind
pestalozzi-stiftung,ausbildungsbestatigung
pestalozzi-stiftung,kontoangaben
pestalozzi-stiftung,steuernachweis
pestalozzi-stiftung,kantonaler-stipendien-entscheid-siehe-seite-4-des-antragsformulars-empfangsstell
pharmasuisse,ausbildungsbestatigung
pharmasuisse,kontoangaben
pharmasuisse,jahresbudget
pharmasuisse,drei-verschiedene-referenzen
reka-stiftung-ferienhilfe,budget
reka-stiftung-ferienhilfe,teilnehmerliste
reka-stiftung-ferienhilfe,kostenabrechnung
reka-stiftung-ferienhilfe,betreuerliste
robert-stahel-stiftung,ausbildungsbestatigung
robert-stahel-stiftung,steuerausweis
rokj-stadt-zurich-rotary-fur-kinder-und-jugendliche,gemass-gesuchs-formular-steuererklarung
rokj-stadt-zurich-rotary-fur-kinder-und-jugendliche,lohnausweis
rokj-stadt-zurich-rotary-fur-kinder-und-jugendliche,mietvertrag-usw-gesuche-konnen-per-e-mail-als-pdf-dokumente-eingereicht-werden
rolf-und-gertrud-waldmann-stiftung,arztzeugnis
rolf-und-gertrud-waldmann-stiftung,kopie-der-letzten-steuererklarung
rolf-und-gertrud-waldmann-stiftung,inkl-aktuelle-steuerrechnung
schmid-worner-stiftung-hongg,personliches-schreiben
schweiz-gemeinnutzige-gesellschaft,angaben-zur-personlichen-situation-der-des-begunstigten
schweiz-gemeinnutzige-gesellschaft,nachweis-uber-die-mitbeteiligung-anderer-hilfswerke
schweiz-gemeinnutzige-gesellschaft,angaben-uber-den-verwendungszweck-der-gelder
scharer-hofmann-stiftung,ausbildungsbestatigung
scharer-hofmann-stiftung,kontoangaben
scharer-hofmann-stiftung,angaben-uber-finanzielle-verhaltnisse-vermogen
scharer-hofmann-stiftung,einkommen
schweiz-hilfe-fur-mutter-und-kind-shmk,bei-schwangerschaft-nachweis
schweiz-stiftung-fur-blindentechn-hilfsmittel,kontoangaben-das-gesuchformular-kann-per-mail-bei-daniel-fernandez-obvita-ch-ang
schweiz-stiftung-fur-berufsmusiker-innen,ausbildungsbestatigung
schweiz-stiftung-fur-berufsmusiker-innen,kontoangaben
schweiz-stiftung-fur-berufsmusiker-innen,referenzen
schweiz-stiftung-fur-berufsmusiker-innen,detaillierte-beschreibung-des-projektes
schweiz-stiftung-fur-berufsmusiker-innen,detailliertes-budget
schweiz-stiftung-fur-berufsmusiker-innen,ausbildungs-berufsdiplome
schweiz-stiftung-fur-berufsmusiker-innen,kursunterlagen
schweiz-stiftung-fur-berufsmusiker-innen,steuerausweis-gesuchsteller-in-und-eltern-gesuchsunterlagen-sind-in-4-facher-aus
schweiz-stiftung-fur-berufsmusiker-innen,mai
schweiz-stiftung-fur-berufsmusiker-innen,august
schweiz-stiftung-fur-kinder-und-jugendliche-in-not,antragsformular
schweiz-stiftung-fur-kinder-und-jugendliche-in-not,kostenvoranschlag
schweiz-stiftung-fur-kinder-und-jugendliche-in-not,budget
schweiz-stiftung-fur-kinder-und-jugendliche-in-not,finanzielle-situation-steht-auf-dem-formular
schweiz-studienstift-fonds-f-begabte-j-menschen,von-hochschuldozierenden-oder-von-ihrer-mittelschule-empfohlene-kandidatinnen-ka
schweiz-studienstift-fonds-f-begabte-j-menschen,selbstbewerber-innen-sind-gebeten
schweiz-studienstift-fonds-f-begabte-j-menschen,mit-der-geschaftsstelle-telefonisch-kontakt-aufzunehmen
schweiz-studienstift-fonds-f-begabte-j-menschen,um-sich-uber-die-zulassungsbedingungen-zu-orientieren-und-die-bewerbungsunterlag
schweizer-kinderhilfswerk-kovive,anmeldung-mit-finanzbelegen
sekretariat-stiftung-fur-die-adliswiler-jugend,personalien-unter-beilage-des-lebenslaufes
sekretariat-stiftung-fur-die-adliswiler-jugend,der-ausfuhrlich-uber-ausbildung
sekretariat-stiftung-fur-die-adliswiler-jugend,beruf-und-andere-tatigkeiten-auskunft-zu-geben-hat-aufsatz-ca-eine-a4-seite
sekretariat-stiftung-fur-die-adliswiler-jugend,der-das-ziel
sekretariat-stiftung-fur-die-adliswiler-jugend,das-erreicht-werden-soll
sekretariat-stiftung-fur-die-adliswiler-jugend,beschreibt-und-uber-die-berufliche-sowie-private-zukunft-auskunft-gibt-sofern-de
sekretariat-stiftung-fur-die-adliswiler-jugend,ist-diese-im-detail-zu-beschreiben
sophie-und-karl-binding-stiftung,referenzen
sophie-und-karl-binding-stiftung,weitere-beilagen-siehe-website
spendenparlament-zurich,gesuchsformulare-siehe-website
spendenstiftung-bank-vontobel,angaben-zur-organisation
spendenstiftung-bank-vontobel,rahmendaten-zum-projekt
spendenstiftung-bank-vontobel,projektbeschrieb
spendenstiftung-bank-vontobel,beilagen-geschaftsbericht-der-letzten-zwei-jahre
spendenstiftung-bank-vontobel,broschuren-in-5-facher-ausfuhrung
spendenstiftung-bank-vontobel,donatorenliste
spendenstiftung-bank-vontobel,hr-auszug
spendenstiftung-bank-vontobel,vereinsstatuten
spendenstiftung-bank-vontobel,akkreditierung
st-nikolausgesellschaft-der-stadt-zurich,referenzen
steiger-stiftung,arztzeugnis
steiger-stiftung,kontoangaben
steiger-stiftung,referenzen
steiger-stiftung,angaben-uber-finanzielle-unterstutzung-von-anderen-stellen
stiftung-aids-kind,arztzeugnis
stiftung-aids-kind,ausbildungsbestatigung
stiftung-aids-kind,kontoangaben
stiftung-binelli-und-ehrsam-zurich,arztzeugnis
stiftung-binelli-und-ehrsam-zurich,ausbildungsbestatigung
stiftung-binelli-und-ehrsam-zurich,kontoangaben
stiftung-binelli-und-ehrsam-zurich,referenzen
stiftung-binelli-und-ehrsam-zurich,situationsbericht
stiftung-binelli-und-ehrsam-zurich,budget
stiftung-denk-an-mich,details-wann-und-wo-findet-die-aktivitat-statt
stiftung-denk-an-mich,budget-der-geplanten-aktivitat
stiftung-denk-an-mich,schriftliche-bestatigung-iv-el-leistungen-sozialhilfe-und-kopie-der-letzten-steu
stiftung-der-5-em-fur-sehm-mit-behinderungen,arztzeugnis
stiftung-der-5-em-fur-sehm-mit-behinderungen,referenzen
stiftung-der-5-em-fur-sehm-mit-behinderungen,kostenvoranschlag
stiftung-der-5-em-fur-sehm-mit-behinderungen,arztliches-attest-uber-sehbehinderung
stiftung-der-gottfried-keller-loge-i-o-o-f-zurich,arztzeugnis
stiftung-der-gottfried-keller-loge-i-o-o-f-zurich,kontoangaben
stiftung-der-gottfried-keller-loge-i-o-o-f-zurich,referenzen
stiftung-der-gottfried-keller-loge-i-o-o-f-zurich,begrundung-der-notlage
stiftung-der-gottfried-keller-loge-i-o-o-f-zurich,unterlagen-zu-projekt
stiftung-der-gottfried-keller-loge-i-o-o-f-zurich,ausbildung
stiftung-der-gottfried-keller-loge-i-o-o-f-zurich,weiterbildung
stiftung-der-gottfried-keller-loge-i-o-o-f-zurich,etc-kostenzusammenstellung
stiftung-der-gottfried-keller-loge-i-o-o-f-zurich,angaben-zur-einkommenssituation-erwerbseinkommen
stiftung-der-gottfried-keller-loge-i-o-o-f-zurich,ahv-iv
stiftung-der-gottfried-keller-loge-i-o-o-f-zurich,el
stiftung-der-gottfried-keller-loge-i-o-o-f-zurich,sozialhilfe-etc
stiftung-der-gottfried-keller-loge-i-o-o-f-zurich,ausgabenbudget
stiftung-der-gottfried-keller-loge-i-o-o-f-zurich,vermogen-und-schulden
stiftung-der-gottfried-keller-loge-i-o-o-f-zurich,gesuche-an-andere-institutionen
stiftung-der-gottfried-keller-loge-i-o-o-f-zurich,einzahlungsschein
stiftung-dr-hans-und-hilde-von-lorentz,ausweiskopie
stiftung-dr-hans-und-hilde-von-lorentz,bestatigung-uber-die-einkommens-und-vermogensverhaltnisse-des-gesuchstellers-und
stiftung-dr-hans-und-hilde-von-lorentz,begabungsnachweis
stiftung-e-na-bel,kontoangaben
stiftung-e-na-bel,referenzen
stiftung-erna-und-curt-burgauer,ausbildungsbestatigung
stiftung-erna-und-curt-burgauer,projektbeschrieb-umstande
stiftung-erna-und-curt-burgauer,lebenslauf
stiftung-erna-und-curt-burgauer,ausbildungsbestatigung
stiftung-erna-und-curt-burgauer,budget
stiftung-erna-und-curt-burgauer,ev-aufenthaltsbewilligung
stiftung-frei-bett-tieche,arztzeugnis
stiftung-frei-bett-tieche,kontoangaben
stiftung-frei-bett-tieche,dokumentierte-begrundung-der-hilfsbedurftigkeit
stiftung-friedbrunnen-und-holderbach,ausbildungsbestatigung
stiftung-friedbrunnen-und-holderbach,kontoangaben
stiftung-friedbrunnen-und-holderbach,referenzen
stiftung-friedbrunnen-und-holderbach,steuerrechnung
stiftung-fur-erforschung-der-frauenarbeit,projektbeschreibung
stiftung-fur-erforschung-der-frauenarbeit,finanzielle-mittel
stiftung-fur-das-lungengesundheit-krankheit-kind,beilagen-im-gesuchsformular-definiert
stiftung-hans-und-lilly-knecht-wethli,kostenubersicht
stiftung-hans-und-lilly-knecht-wethli,resp-aufstellung-bezuglich-fehlbetrag
stiftung-fur-kinder-in-der-schweiz,arztzeugnis
stiftung-fur-kinder-in-der-schweiz,ausbildungsbestatigung
stiftung-fur-kinder-in-der-schweiz,kontoangaben
stiftung-fur-kinder-in-der-schweiz,referenzen
stiftung-fur-kinder-in-der-schweiz,kopie-steuerveranlagung
stiftung-fur-kinder-in-der-schweiz,bestatigung-uber-erhalt-erganzungsleistungen-leistung-kosten
stiftung-hedwig-und-heinrich-bunzli-krauer,ausbildungsbestatigung
stiftung-hedwig-und-heinrich-bunzli-krauer,kontoangaben
stiftung-hedwig-und-heinrich-bunzli-krauer,schreiben-mit-begrundung-ziel-und-zweck-der-ausbildung
stiftung-hedwig-und-heinrich-bunzli-krauer,personliche-motivation
stiftung-hedwig-und-heinrich-bunzli-krauer,umschreibung-der-ausbildung
stiftung-hedwig-und-heinrich-bunzli-krauer,dauer
stiftung-hedwig-und-heinrich-bunzli-krauer,kostennachweis-der-ausbildung
stiftung-hedwig-und-heinrich-bunzli-krauer,budget-lebenskosten
stiftung-hilfe-fur-kinder,budget
stiftung-hilfe-fur-kinder,antragsformular
stiftung-hilfe-fur-kinder,offerte
stiftung-hilfe-fur-kinder,kostenvoranschlag
stiftung-hilfe-fur-betagte-menschen-in-bedrangnis,budget
stiftung-hilfe-fur-betagte-menschen-in-bedrangnis,antragsformular
stiftung-hilfe-fur-betagte-menschen-in-bedrangnis,offerte
stiftung-hilfe-fur-betagte-menschen-in-bedrangnis,kostenvoranschlag
stiftung-kinder-gewalt,kontoangaben
stiftung-kinder-gewalt,referenzen-fur-projekte-siehe-antrag-pdf-auf-der-website
stiftung-nak-humanitas,kontoangaben
stiftung-nak-humanitas,referenzen
stiftung-nak-humanitas,gemass-angaben-auf-der-webseite
stiftung-pro-aegrotis,budget
stiftung-pro-aegrotis,begleitschreiben
stiftung-pro-aegrotis,belege-der-zu-finanzierenden-kosten
stiftung-pro-aegrotis,einzahlungsschein
stiftung-schwiizer-halfed-schwiizer,arztzeugnis
stiftung-schwiizer-halfed-schwiizer,ausbildungsbestatigung
stiftung-schwiizer-halfed-schwiizer,kontoangaben
stiftung-schwiizer-halfed-schwiizer,referenzen-aktuelle-nachweise-uber-einkommen
stiftung-schwiizer-halfed-schwiizer,ausgaben-und-vermogen-z-b-steuererklarung
stiftung-schwiizer-halfed-schwiizer,budget-sozialbehorde
stiftung-schwiizer-halfed-schwiizer,etc-kopie-der-rechnung-en
stiftung-schwiizer-halfed-schwiizer,welche-das-gesuch-betreffen-und-ubernommen-werden-sollen
stiftung-solidaritatsfonds-fur-ausl-studierende,ausbildungsbestatigung
stiftung-solidaritatsfonds-fur-ausl-studierende,kontoangaben
stiftung-solidaritatsfonds-fur-ausl-studierende,auszuge-aller-bankkontos-uber-die-letzten-sechs-monate
stiftung-sos-beobachter,arztzeugnis
stiftung-sos-beobachter,ausbildungsbestatigung
stiftung-sos-beobachter,kontoangaben
stiftung-sos-beobachter,referenzen
stiftung-sos-beobachter,ubersicht-lebenshaltungskosten
stiftung-sos-beobachter,einkommens
stiftung-sos-beobachter,vermogenslage
stiftung-sos-beobachter,finanzierungsplan
stiftung-uitikon,arztzeugnis
stiftung-uitikon,ausbildungsbestatigung
stiftung-uitikon,kontoangaben
stiftung-uitikon,alles-zur-prufung-eines-gesuches-erforderliche
stiftung-walter-und-anne-marie-boveri,ausbildungsbestatigung
stiftung-walter-und-anne-marie-boveri,kontoangaben
stiftung-walter-und-anne-marie-boveri,jahresrechnung
stiftung-walter-und-anne-marie-boveri,jahresbericht
stiftung-walter-und-anne-marie-boveri,revisionsbericht
stiftung-walter-und-anne-marie-boveri,projektbeschreibung
stiftung-walter-und-anne-marie-boveri,kostenvoranschlag
stiftung-walter-und-anne-marie-boveri,finanzierungsplan
stipendienstiftung-reiser-siemssen-selve-gerdtzen,ausbildungsbestatigung
stipendienstiftung-reiser-siemssen-selve-gerdtzen,kontoangaben
stipendienstiftung-reiser-siemssen-selve-gerdtzen,referenzen
tilber-stiftung,arztzeugnis
tilber-stiftung,kontoangaben
tilber-stiftung,referenzen
ubs-stiftung-fur-soziales-und-ausbildung,begleitbrief-vollstandig-ausgefulltes-gesuchformular-zum-download-auf-www-ubs-co
ubs-stiftung-fur-soziales-und-ausbildung,zielgruppe
ubs-stiftung-fur-soziales-und-ausbildung,ziele
ubs-stiftung-fur-soziales-und-ausbildung,zeitplan-etc
ubs-stiftung-fur-soziales-und-ausbildung,bitte-geben-sie-an
ubs-stiftung-fur-soziales-und-ausbildung,fur-welches-teilprojekt-bzw-fur-welche-anschaffu-anschaffung-o-a-die-angefragten
ubs-stiftung-fur-soziales-und-ausbildung,eigenleistungen
ubs-stiftung-fur-soziales-und-ausbildung,ertrage-inkl-ubersicht-uber-zugesprochene-und-beantragte-beitrage-anderer-forder
ubs-stiftung-fur-soziales-und-ausbildung,jahresrechnung
ubs-stiftung-fur-soziales-und-ausbildung,statuten
ubs-stiftung-fur-soziales-und-ausbildung,steuerbefreiung
ubs-stiftung-fur-soziales-und-ausbildung,handelsregisterauszug
ubs-stiftung-fur-soziales-und-ausbildung,o-a-medienberichte-falls-vorhanden
vontobel-stiftung,siehe-www-vontobel-stiftung-ch
walder-stiftung-leben-und-wohnen-im-alter,detailliertes-budget
walder-stiftung-leben-und-wohnen-im-alter,letzte-jahresrechnung
walder-stiftung-leben-und-wohnen-im-alter,liste-der-gesuche-an-andere-forderstellen
walter-bachofner-stiftung,projektbeschreibung
walter-und-gertrud-siegenthaler-stiftung,ausbildungsbestatigung
walter-und-gertrud-siegenthaler-stiftung,referenzen
walter-und-gertrud-siegenthaler-stiftung,siehe-webseite
wilhelm-stunzi-stiftung,ausbildungsbestatigung
wilhelm-stunzi-stiftung,kontoangaben
wilhelm-stunzi-stiftung,referenzen
wilhelm-stunzi-stiftung,angaben-uber-finanzielle-verhaltnisse-vermogen
wilhelm-stunzi-stiftung,einkommen
willy-muller-forderstiftung,ausbildungsbestatigung
willy-muller-forderstiftung,antragsformular-online-auf-www-willy-mueller-foerderstiftung-ch-unter-gesuch-ste
winterhilfe-zurich,kontoangaben
winterhilfe-zurich,kopie-steuerrechnung
winterhilfe-zurich,resp-steuerdaten-einkommen-vermogen
winterhilfe-zurich,lohnabrechnungen-einkommen-ausgaben-und-vermogens-verhaltnisse-mussen-belegt-sei
zurcher-stiftung-fur-psychisch-gesundheit-krankheit,fur-einzelpersonen-antragsformular
zurcher-stiftung-fur-psychisch-gesundheit-krankheit,nachweis-der-psychischen
zurcher-stiftung-fur-psychisch-gesundheit-krankheit,krankheit
zurcher-stiftung-fur-psychisch-gesundheit-krankheit,nachweis-aller-einnahmen
zurcher-stiftung-fur-psychisch-gesundheit-krankheit,nachweis-des-vermogens
zurcher-stiftung-fur-psychisch-gesundheit-krankheit,nachweis-fur-die
zurcher-stiftung-fur-psychisch-gesundheit-krankheit,verwendung-des-geldes-fur-institutionen-begrundung-des-gesuchs
zurcher-stiftung-fur-psychisch-gesundheit-krankheit,finanzierungsplan-des-projektes
zurcher-stiftung-fur-psychisch-gesundheit-krankheit,beantragte-hohe-des-beitrages
zurcherische-winkelriedstiftung,budget
