org_id,target_group_id
accentus-stiftung,institutionen
accentus-stiftung,organisationen
active-communication-ag,personen-mit-korperlicher-und-oder-geistiger-einschrankung
active-communication-ag,fachpersonen-heilpadagogik
active-communication-ag,logopadie
active-communication-ag,sozialpadagogik
active-communication-ag,agogik
active-communication-ag,ergotherapie-etc
adele-koller-knusli-stiftung,jugend-familie
adele-koller-knusli-stiftung,altere-menschen
adele-koller-knusli-stiftung,menschen-mit-behinderungen
adele-koller-knusli-stiftung,auslander-innen
adele-koller-knusli-stiftung,armut
albert-und-ida-beer-stiftung,bedurftige
albert-und-ida-beer-stiftung,gemeinnutzige-institutionen
alfred-und-bertha-zangger-weber-stiftung,kinder
alfred-und-bertha-zangger-weber-stiftung,jugend-und-familie
alfred-und-bertha-zangger-weber-stiftung,altere-menschen
alfred-und-bertha-zangger-weber-stiftung,kranke
alfred-und-bertha-zangger-weber-stiftung,in-ausbildung-stehende
alfred-und-bertha-zangger-weber-stiftung,menschen-mit-behinderungen
anna-caroline-stiftung,jugend-familie
anna-caroline-stiftung,ausbildung
anna-caroline-stiftung,frauen-an-der-universitat-eth-nicht-fachhochschulen
anna-maria-und-karl-kramer-stiftung,beitrage-an-kleinere-institutionen
anna-maria-und-karl-kramer-stiftung,die-sozial
anna-maria-und-karl-kramer-stiftung,gemeinnutzig
anna-maria-und-karl-kramer-stiftung,kulturell-oder-okologisch-schwergewichtig-in-der-schweiz-tatig-sind
anna-maria-und-karl-kramer-stiftung,v-a-innovative-projekte-mit-nachhaltiger-wirkung-keine-einzelhilfe
anna-und-paul-bucher-gossweiler-stiftung,armut
august-weidmann-fursorge-stiftung,jugend-familie
august-weidmann-fursorge-stiftung,altere-menschen
august-weidmann-fursorge-stiftung,menschen-mit-behinderungen
august-weidmann-fursorge-stiftung,kranke
august-weidmann-fursorge-stiftung,auslander-innen-mit-niederlassungsbewilligung
august-weidmann-fursorge-stiftung,ausbildung
august-weidmann-fursorge-stiftung,armut
buchmann-kollbrunner-stiftung,geistig-und-oder-korperlich-menschen-mit-behinderungen-personen
buchmann-kollbrunner-stiftung,institutionen-fur-geistig-und-oder-korperlich-menschen-mit-behinderungen-persone
burgschafts-und-darlehensgenossenschaft,das-angebot-richtet-sich-an-mitglieder-der-evang-reformierten-landeskirche-des-k
cassinelli-vogel-stiftung,jugend
cassinelli-vogel-stiftung,familie
cassinelli-vogel-stiftung,betagte
cassinelli-vogel-stiftung,menschen-mit-behinderungen
cassinelli-vogel-stiftung,kranke
cassinelli-vogel-stiftung,auslander-innen
cassinelli-vogel-stiftung,armut
cassinelli-vogel-stiftung,ausbildung
chana-lutomirsky-stiftung,menschen-mit-behinderungen
charles-e-blatter-stiftung,studierende-schweizer-innen-und-auslander-innen-an-einer-schweizerischen-univers
deutscher-hilfsverein-zurich,jugend-familie
deutscher-hilfsverein-zurich,altere-menschen
deutscher-hilfsverein-zurich,menschen-mit-behinderungen
deutscher-hilfsverein-zurich,kranke
deutscher-hilfsverein-zurich,in-ch-lebende-burger-mit-de-nationalitat
deutscher-hilfsverein-zurich,armut
dora-grob-reinhart-stiftung,frauen-und-kinder-in-not
dr-arnold-u-huggenberger-stiftung,kinder-jugendliche-bis-zum-18-altersjahr-in-finanziell-knappen-verhaltnissen-fur
dr-arnold-u-huggenberger-stiftung,etc
dr-arnold-u-huggenberger-stiftung,personen-ab-70sten-altersjahr
dr-arnold-u-huggenberger-stiftung,armut
dr-hans-duttweiler-hug-stiftung,menschen-mit-behinderungen
dr-max-husmann-stiftung,absolventen-von-einer-erstausbildung-an-der-universitat-oder-an-der-eth-bis-zum-
dr-max-husmann-stiftung,musikhochschulabsolventen-ab-lehrdiplom-keine-fachhochschulen
dr-stephan-a-porta-stiftung,jugend-und-familie
dr-stephan-a-porta-stiftung,altere-menschen
dr-stephan-a-porta-stiftung,menschen-mit-behinderungen
dr-stephan-a-porta-stiftung,gesundheit-krankheit
dr-stephan-a-porta-stiftung,migration-asyl
dr-stephan-a-porta-stiftung,armut
educationsuisse,jugend-familie
educationsuisse,ausbildung
educationsuisse,auslandschweizer-innen-schweizer-staatsburger-innen
educationsuisse,deren-eltern-ihren-wohnsitz-im-ausland-haben-und-absolventen-der-schweizerschule
elisabetha-baumann-fonds,jugend-familie
elisabetha-baumann-fonds,ausbildung
emil-huber-stockar-stiftung,ausbildung
erika-fissmer-stiftung,jugend-familie
erika-fissmer-stiftung,altere-menschen
erika-fissmer-stiftung,menschen-mit-behinderungen
erika-fissmer-stiftung,kranke
erika-fissmer-stiftung,armut
eth-zurich-studienfinanzierung,ausschliesslich-fur-studierende-der-eth-zurich-bachelor-und-masterstudium
ernst-und-frieda-bantli-stiftung,altere-menschen
ernst-und-frieda-bantli-stiftung,armut
f-a-kagi-rutishauser-stiftung,jugend-familie
f-a-kagi-rutishauser-stiftung,ausbildung
fondation-oertli-stiftung,offentliche-und-private
fondation-oertli-stiftung,kulturelle-und-gemeinnutzige-institutionen
fred-tschanz-stiftung,jugend-familie
fred-tschanz-stiftung,menschen-mit-behinderungen
fred-tschanz-stiftung,ausbildung
frieda-locher-hofmann-stiftung,menschen-mit-behinderungen
frieda-locher-hofmann-stiftung,kranke
frieda-locher-hofmann-stiftung,soz-institutionen
frieda-locher-hofmann-stiftung,gesundheit
friedrich-und-amalie-meyer-baumann-stiftung,blinde-und-sehmenschen-mit-behinderungen
friedrich-und-amalie-meyer-baumann-stiftung,ausbildung
fritz-gerber-stiftung-fur-begabte-junge-menschen,unterstutzungsberechtigt-sind-junge-menschen-im-alter-zwischen-10-und-25-jahren
fritz-gerber-stiftung-fur-begabte-junge-menschen,die-in-der-schweiz-ihren-dauernden-wohnsitz-mindestens-die-vergangenen-drei-jahr
fritz-gerber-stiftung-fur-begabte-junge-menschen,handwerk
fritz-gerber-stiftung-fur-begabte-junge-menschen,kultur-und-sport-nicht-berucksichtigt-werden-gesuche-von-bewerbern-der-universit
fur-die-kinder-fur-die-zukunft,jugend-familie
gemeinnutzige-gesellschaft-der-bezirke-zurich-dietikon,jugend-familie
gemeinnutzige-gesellschaft-der-bezirke-zurich-dietikon,ausbildung
gemeinnutzige-gesellschaft-des-bezirks-affoltern,jugend-familie
gemeinnutzige-gesellschaft-des-bezirks-affoltern,betagte
gemeinnutzige-gesellschaft-des-bezirks-affoltern,ubrige
gemeinnutzige-gesellschaft-des-bezirks-affoltern,soz-institutionen
gemeinnutzige-gesellschaft-des-bezirks-affoltern,armut
gemeinnutzige-gesellschaft-des-bezirks-affoltern,kultur
gemeinnutzige-gesellschaft-des-bezirks-affoltern,ausbildung
gemeinnutzige-gesellschaft-des-bezirks-affoltern,verschiedenes-im-bezirk-affoltern-am-albis
gemeinnutzige-gesellschaft-des-bezirks-andelfingen,jugend-familie
gemeinnutzige-gesellschaft-des-bezirks-andelfingen,altere-menschen
gemeinnutzige-gesellschaft-des-bezirks-andelfingen,menschen-mit-behinderungen
gemeinnutzige-gesellschaft-des-bezirks-andelfingen,kranke
gemeinnutzige-gesellschaft-des-bezirks-andelfingen,ausbildung
gemeinnutzige-gesellschaft-des-bezirks-andelfingen,armut
gemeinnutzige-gesellschaft-des-bezirks-bulach,jugend-familie
gemeinnutzige-gesellschaft-des-bezirks-bulach,menschen-mit-behinderungen
gemeinnutzige-gesellschaft-des-bezirks-bulach,aus-und-weiterbildung-in-notfallen
gemeinnutzige-gesellschaft-des-bezirks-bulach,armut
gemeinnutzige-gesellschaft-des-bezirks-dielsdorf,jugend
gemeinnutzige-gesellschaft-des-bezirks-dielsdorf,familie
gemeinnutzige-gesellschaft-des-bezirks-dielsdorf,betagte
gemeinnutzige-gesellschaft-des-bezirks-dielsdorf,soz-institutionen
gemeinnutzige-gesellschaft-des-bezirks-dielsdorf,armut
gemeinnutzige-gesellschaft-des-bezirks-dielsdorf,verschiedenes
gemeinnutzige-gesellschaft-des-bezirks-hinwil,jugend-familie
gemeinnutzige-gesellschaft-des-bezirks-hinwil,altere-menschen
gemeinnutzige-gesellschaft-des-bezirks-hinwil,menschen-mit-behinderungen
gemeinnutzige-gesellschaft-des-bezirks-hinwil,kranke
gemeinnutzige-gesellschaft-des-bezirks-hinwil,auslander-innen
gemeinnutzige-gesellschaft-des-bezirks-hinwil,ausbildung
gemeinnutzige-gesellschaft-des-bezirks-hinwil,armut-wohnsitz-im-bezirk-hinwil-bzw-wirkung-des-projekts-im-bezirk-hinwil
gemeinnutzige-gesellschaft-des-bezirks-pfaffikon,jugend-und-familie
gemeinnutzige-gesellschaft-des-bezirks-pfaffikon,altere-menschen
gemeinnutzige-gesellschaft-des-bezirks-pfaffikon,armut
gemeinnutzige-gesellschaft-des-bezirks-pfaffikon,ausbildung
gemeinnutzige-gesellschaft-des-bezirks-pfaffikon,freiwilligenarbeit
gemeinnutzige-gesellschaft-des-bezirks-pfaffikon,zusatzlich-zu-bereits-vorhandenen-altere-menschen
gemeinnutzige-gesellschaft-bezirk-winterthur,jugend-und-familie
gemeinnutzige-gesellschaft-bezirk-winterthur,altere-menschen
gemeinnutzige-gesellschaft-bezirk-winterthur,menschen-mit-behinderungen
gemeinnutzige-gesellschaft-bezirk-winterthur,gesundheit-krankheit
gemeinnutzige-gesellschaft-bezirk-winterthur,migration-asyl
gemeinnutzige-gesellschaft-bezirk-winterthur,armut
gemeinnutzige-gesellschaft-bezirk-winterthur,ausbildung
gemeinnutzige-gesellschaft-des-bezirks-uster,jugend-familie
gemeinnutzige-gesellschaft-des-bezirks-uster,altere-menschen
gemeinnutzige-gesellschaft-des-bezirks-uster,menschen-mit-behinderungen
gemeinnutzige-gesellschaft-des-bezirks-uster,kranke
gemeinnutzige-gesellschaft-des-bezirks-uster,auslander-innen
gemeinnutzige-gesellschaft-des-bezirks-uster,ausbildung
gemeinnutzige-gesellschaft-des-bezirks-uster,armut
gemeinnutzige-gesellschaft-des-kantons-zurich,jugend-familie
gemeinnutzige-gesellschaft-des-kantons-zurich,menschen-mit-behinderungen
gemeinnutzige-gesellschaft-des-kantons-zurich,kranke
gemeinnutzige-gesellschaft-des-kantons-zurich,auslander-innen
gemeinnutzige-gesellschaft-des-kantons-zurich,ausbildung
gemeinnutzige-gesellschaft-des-kantons-zurich,armut
georg-und-bertha-schwyzer-winiker-stiftung,jugend
georg-und-bertha-schwyzer-winiker-stiftung,familie
georg-und-bertha-schwyzer-winiker-stiftung,menschen-mit-behinderungen
georg-und-bertha-schwyzer-winiker-stiftung,kranke
georg-und-bertha-schwyzer-winiker-stiftung,auslander-innen
georg-und-bertha-schwyzer-winiker-stiftung,gesundheit
georg-und-bertha-schwyzer-winiker-stiftung,armut
gottfried-r-friedli-stiftung,jugend-familie
gottfried-r-friedli-stiftung,ausbildung
gottfried-scharer-stiftung,jugend-familie
gottfried-scharer-stiftung,altere-menschen
gottfried-scharer-stiftung,menschen-mit-behinderungen
gottfried-scharer-stiftung,kranke
gottfried-scharer-stiftung,ausbildung
gottfried-scharer-stiftung,armut
grutli-stiftung-zurich,jugend-und-familie
grutli-stiftung-zurich,altere-menschen
grutli-stiftung-zurich,menschen-mit-behinderungen
grutli-stiftung-zurich,gesundheit-krankheit
grutli-stiftung-zurich,migration-asyl
grutli-stiftung-zurich,armut
grutli-stiftung-zurich,ausbildung
hans-henny-fonds-der-albertus-magnus-stiftung,jugend-familie
hans-henny-fonds-der-albertus-magnus-stiftung,ausblidung
hans-henny-fonds-der-albertus-magnus-stiftung,armut
hans-jegen-stiftung,behinderte-kinder-und-jugendliche-in-der-schweiz-mit-fokus-sudostschweiz
hans-konrad-rahn-stiftung,soziale-institutionen
hans-trachsler-fonds,jugend-familie
hans-trachsler-fonds,altere-menschen
hans-trachsler-fonds,menschen-mit-behinderungen
hans-trachsler-fonds,kranke
hans-trachsler-fonds,armut
hans-vogel-stiftung,menschen-mit-behinderungen
hans-wegmann-stiftung,schulerinnen-und-schuler-in-volksschulklassen-der-stadt-zurich-sowie-lernende-mi
hans-und-mathilde-eichenberger-stiftung,jugend-familie
hans-und-mathilde-eichenberger-stiftung,ausbildung
hans-und-mathilde-eichenberger-stiftung,armut
hatt-bucher-stiftung,personen-65
hedwig-widmer-stiftung,akademikerinnen-ab-stufe-masterdiplom
hedwig-widmer-stiftung,lic-uni-dipl-eth-keine-bachelor-absolventinnen
hausermann-courvoisier-stiftung,schuler-und-absolventen-der-kzo-kantonsschule-zurcher-oberland
helfer-und-schluter-stiftung,menschen-mit-behinderungen
helfer-und-schluter-stiftung,kranke
hirzel-stiftung,institutionen
hirzel-stiftung,vereine
hirzel-stiftung,bildungsinstitute
hirzel-stiftung,hilfswerke-und-in-vereinzelten-fallen-auch-initiativen-von-einzelpersonen
huber-graf-und-billeter-graf-stiftung,betagte
huber-graf-und-billeter-graf-stiftung,menschen-mit-behinderungen
huber-graf-und-billeter-graf-stiftung,kranke
huber-graf-und-billeter-graf-stiftung,ubrige
huber-graf-und-billeter-graf-stiftung,auslander-innen
huber-graf-und-billeter-graf-stiftung,gesundheit
huber-graf-und-billeter-graf-stiftung,armut
huber-graf-und-billeter-graf-stiftung,verschiedenes
hulfsgesellschaft-in-zurich,jugend-familie
hulfsgesellschaft-in-zurich,altere-menschen
hulfsgesellschaft-in-zurich,menschen-mit-behinderungen
hulfsgesellschaft-in-zurich,gesundheit-krankheit
hulfsgesellschaft-in-zurich,auslander-innen
hulfsgesellschaft-in-zurich,ausbildung
hulfsgesellschaft-in-zurich,armut
ilse-und-ernst-braunschweig-stiftung,die-ilse-und-ernst-braunschweig-stiftung-unterstutzt-unterschiedliche-projekte
ilse-und-ernst-braunschweig-stiftung,i-d-r-uber-einige-jahre-neue-projekte-werden-u-a-daraufhin-gepruft
ilse-und-ernst-braunschweig-stiftung,ob-die-projektverantwortlichen-selbst-engagiert-sind-und-ob-der-stiftungsrat-die
jacobs-foundation,jugend-familie
jacobs-foundation,wissenschaftler
jacobs-foundation,nachwuchs-wissenschaftler-und-projekttrager
jubilaumsstiftung-der-schweizer-reisekasse,menschen-mit-behinderung
jubilaumsstiftung-der-schweizer-reisekasse,sozial-benachteiligte
jugendhilfeverein-des-bezirkes-dielsdorf,kinder-und-jugendliche-bis-18-jahrig-aus-dem-bezirk-dielsdorf
kaspar-spoerry-stiftung,menschen-mit-behinderungen-sportinteressierte
kids-kidney-care,ganze-schweizer-bevolkerung
kids-kidney-care,unterstutzung-geht-an-familien-mit-nierenkranken-kindern-wie-auch-jung-nierentra
kolianda-stiftung,jugend-familie
kurt-fontheim-stiftung,jugend
kurt-fontheim-stiftung,ausbildung
lamprecht-steiger-stiftung,kultur
lamprecht-steiger-stiftung,chore
lamprecht-steiger-stiftung,insbesondere-laienchore
lotteriefonds-des-kantons-zurich,soziale-institutionen
lotteriefonds-des-kantons-zurich,gesundheit
lotteriefonds-des-kantons-zurich,armut
lotteriefonds-des-kantons-zurich,kultur
luchsinger-haggenmacher-stiftung,jugend-familie
luchsinger-haggenmacher-stiftung,menschen-mit-behinderungen-kinder-und-waisen-in-der-ganzen-schweiz-bis-zum-alter
luiza-penha-walter-renteiro-stiftung-bezirk-meilen,kinder
luiza-penha-walter-renteiro-stiftung-bezirk-meilen,jugendliche-sowie-junge-erwachsene-bis-langstens-20-j-mit-wohnsitz-im-bezirk-mei
martha-bock-stiftung,altere-menschen
martha-bock-stiftung,menschen-mit-behinderungen
martha-bock-stiftung,gesundheit-krankheit
martha-bock-stiftung,armut
max-rudolf-forrer-stiftung,primar-einwohner-und-burger-der-stadt-uster
max-rudolf-forrer-stiftung,unter-engen-voraussetzungen-ein-weiterer-kreis-von-bedurftigen
max-rudolf-forrer-stiftung,vornehmlich-im-kanton-zurich
max-rudolf-forrer-stiftung,welche-aufgrund-von-augenkrankheiten-finanzielle-hilfe-benotigen
max-und-erika-gideon-stiftung,betagte
max-und-erika-gideon-stiftung,behinderte
max-und-erika-gideon-stiftung,kranke
max-und-erika-gideon-stiftung,soziale-institutionen
max-und-erika-gideon-stiftung,gesundheit
max-und-erika-gideon-stiftung,armut
max-und-erika-gideon-stiftung,kultur
max-und-erika-gideon-stiftung,ausbildung
migros-genossenschafts-bund,siehe-www-migros-kulturprozent-ch
moriz-und-elsa-von-kuffner-stiftung,soziale-institutionen
moriz-und-elsa-von-kuffner-stiftung,pflegefachpersonen-in-ausbildung
moriz-und-elsa-von-kuffner-stiftung,studierende-an-universitaten
moriz-und-elsa-von-kuffner-stiftung,berggemeinden-und-institutionen
orphelina-stiftung,kinder-und-jugendliche
orphelina-stiftung,wohlfahrt
oscar-seeger-stiftung,institutionen
oscar-seeger-stiftung,keine-privatpersonen
paul-peter-alden-stiftung,physisch
paul-peter-alden-stiftung,psychisch-und-geistig-behinderte-kinder-und-jugendliche-in-der-schweiz
paul-schiller-stiftung,armut
paul-und-anna-klaproth-stiftung,bedurftige-personen-uber-75
paul-und-anna-klaproth-stiftung,schweizer-burger-innen
paul-und-anna-klaproth-stiftung,reformiert
paulie-und-fridolin-dublin-stiftung,altere-menschen
paulie-und-fridolin-dublin-stiftung,kranke
paulie-und-fridolin-dublin-stiftung,wohlfahrt
pestalozzi-stiftung,jugend-familie-jugendliche-und-junge-erwachsene-bis-35-jahre-erstgesuch-muss-vor
pestalozzi-stiftung,ausbildung
pro-infirmis,menschen-mit-behinderung
pharmasuisse,ausbildung
pro-juventute,pro-juventute-unterstutzt-kinder-und-jugendliche-mit-ihren-eltern-auf-dem-weg-zu
pro-senectute-kanton-zurich,altere-menschen-ab-dem-60-lebensjahr-und-deren-angehorige
reka-stiftung-ferienhilfe,armutsbetroffene-familien-und-alleinerziehende-mit-kindern-bis-16-jahre
reka-stiftung-ferienhilfe,schweizer-institutionen
reka-stiftung-ferienhilfe,die-ferienlager-fur-kinder-und-jugendliche-mit-beeintrachtigungen-organisieren
robert-stahel-stiftung,jugend-familie
robert-stahel-stiftung,ausbildung
rokj-stadt-zurich-rotary-fur-kinder-und-jugendliche,kinder-und-jugendliche-in-der-stadt-zurich
rolf-und-gertrud-waldmann-stiftung,jugend-familie
rolf-und-gertrud-waldmann-stiftung,menschen-mit-behinderungen
rolf-und-gertrud-waldmann-stiftung,kranke
rolf-und-gertrud-waldmann-stiftung,ausbildung
rudolf-pohl-stiftung,angehorige-des-militars
rudolf-pohl-stiftung,armut-notlage
rudolf-pohl-stiftung,respektive-bedurfnis-muss-durch-militardienst-oder-im-zusammenhang-mit-militardi
schmid-worner-stiftung-hongg,ausbildung
schmid-worner-stiftung-hongg,altersfursorge
schmid-worner-stiftung-hongg,armut
schweiz-gemeinnutzige-gesellschaft,jugend-familie
schweiz-gemeinnutzige-gesellschaft,altere-menschen
schweiz-gemeinnutzige-gesellschaft,menschen-mit-behinderungen
schweiz-gemeinnutzige-gesellschaft,kranke
schweiz-gemeinnutzige-gesellschaft,auslander-innen
schweiz-gemeinnutzige-gesellschaft,armut
scharer-hofmann-stiftung,jugend-familie
scharer-hofmann-stiftung,auslanderinnen
scharer-hofmann-stiftung,ausbildung
schweiz-hilfe-fur-mutter-und-kind-shmk,jugend-familie
schweiz-hilfe-fur-mutter-und-kind-shmk,auslander-innen
schweiz-hilfe-fur-mutter-und-kind-shmk,armut
schweiz-hilfe-fur-mutter-und-kind-shmk,frauen
schweiz-hilfe-fur-mutter-und-kind-shmk,paare-und-familien
schweiz-hilfe-fur-mutter-und-kind-shmk,die-durch-schwangerschaft-und-geburt-in-not-geraten-sind
schweiz-lungenstiftung,kranke
schweiz-lungenstiftung,ausbildung
schweiz-stiftung-fur-blindentechn-hilfsmittel,blinde-und-menschen-mit-sehinderungen
schweiz-stiftung-fur-berufsmusiker-innen,berufsmusikerinnen-und-berufsmusiker
schweiz-stiftung-fur-berufsmusiker-innen,ausbildung-die-berufsmusikerinnen-mussen-smv-mitglied-sein-bei-ensembles-muss-mi
schweiz-stiftung-fur-das-cerebral-gelahmte-kind,menschen-mit-cerebralen-bewegungsstorungen
schweiz-stiftung-fur-das-cerebral-gelahmte-kind,spina-bifida-oder-muskeldystrophie
schweiz-stiftung-fur-kinder-und-jugendliche-in-not,kinder-und-jugendliche-bis-18-jahre
schweiz-stiftung-fur-die-hilfe-an-straffalligen,straffallige
schweiz-studienstift-fonds-f-begabte-j-menschen,studierende-an-schweizer-hoch-und-fachhochschulen-mit-wohnsitz-in-der-schweiz-sc
schweiz-studienstift-fonds-f-begabte-j-menschen,aufnahmekriterien-sehr-gute-leistungen-in-matura-und-oder-studium-richtwert-note
schweiz-studienstift-fonds-f-begabte-j-menschen,3-und-oder-ausserordentliche-leistungen-in-ausseruniversitaren-bereichen
schweiz-studienstift-fonds-f-begabte-j-menschen,breites-interesse
schweiz-studienstift-fonds-f-begabte-j-menschen,offenheit
schweiz-studienstift-fonds-f-begabte-j-menschen,freude-am-interdisziplinaren-austausch
schweiz-studienstift-fonds-f-begabte-j-menschen,kommunikative-kompetenz
schweiz-studienstift-fonds-f-begabte-j-menschen,verantwortungsbewusstsein
schweiz-studienstift-fonds-f-begabte-j-menschen,engagement
schweiz-verband-alleinerziehender-mutter-und-vater,einelternfamilien
schweizer-kinderhilfswerk-kovive,zuweisende-fachstellen-der-sozialen
schweizer-kinderhilfswerk-kovive,familienberatungsstellen
schweizer-kinderhilfswerk-kovive,armutsbetroffene-jugendliche-und-ihre-familien-in-der-schweiz
sekretariat-stiftung-fur-die-adliswiler-jugend,jugend-familie
sekretariat-stiftung-fur-die-adliswiler-jugend,ausbildung
sekretariat-stiftung-fur-die-adliswiler-jugend,armut
shelter-stiftung,jugend
shelter-stiftung,familie
shelter-stiftung,frauen
shelter-stiftung,auslanderinnen
shelter-stiftung,soziale-institutionen
solidaritatsfond-fur-mutter-und-kind-sofo,frauen-mit-kleinkindern
solidaritatsfond-fur-mutter-und-kind-sofo,alleinerziehende
solidaritatsfond-fur-mutter-und-kind-sofo,familien
sophie-und-karl-binding-stiftung,jugendliche-mit-migrationshintergrund
sophie-und-karl-binding-stiftung,ohne-lehrstelle-keine-einzelpersonen
sophie-und-karl-binding-stiftung,nur-organisationen
sozialdepartement-der-stadt-zurich-fondsverwaltung,jugend-familie
sozialdepartement-der-stadt-zurich-fondsverwaltung,altere-menschen
sozialdepartement-der-stadt-zurich-fondsverwaltung,auslander-innen
sozialdepartement-der-stadt-zurich-fondsverwaltung,armut
spendenparlament-zurich,kleine
spendenparlament-zurich,mittlere-institutionen-im-sozialen-und-kulturellen-bereich
spendenparlament-zurich,eventuell-auch-teilprojekte-von-grosseren-institutionen
spendenstiftung-bank-vontobel,keine-einzelpersonen
st-nikolausgesellschaft-der-stadt-zurich,jugend-familie
st-nikolausgesellschaft-der-stadt-zurich,firmen
steiger-stiftung,menschen-mit-behinderungen
steiger-stiftung,kranke
stiftung-aids-kind,kinder-und-familie
stiftung-aids-kind,kranke
stiftung-aids-kind,armut
stiftung-aids-kind,hiv-positive-und-aidskranke-kinder-und-jugendliche
stiftung-aids-kind,deren-umfeld
stiftung-aids-kind,eltern
stiftung-aids-kind,pflegeeltern
stiftung-aids-kind,bezugspersonen
stiftung-alterswohnfursorge-der-pfarrei-herz-jesu,altere-menschen
stiftung-alterswohnfursorge-der-pfarrei-herz-jesu,menschen-mit-behinderungen
stiftung-binelli-und-ehrsam-zurich,jugend
stiftung-binelli-und-ehrsam-zurich,familie
stiftung-binelli-und-ehrsam-zurich,soziale-institutionen
stiftung-binelli-und-ehrsam-zurich,bergbevolkerung
stiftung-denk-an-mich,menschen-mit-behinderungen
stiftung-der-5-em-fur-sehm-mit-behinderungen,menschen-mit-behinderungen
stiftung-der-5-em-fur-sehm-mit-behinderungen,insbesondere-sehmenschen-mit-behinderungen
stiftung-der-gottfried-keller-loge-i-o-o-f-zurich,armut
stiftung-der-gottfried-keller-loge-i-o-o-f-zurich,keine-bauvorhaben-und-investitionen
stiftung-dr-hans-und-hilde-von-lorentz,begabte-kinder-und-jugendliche
stiftung-dr-hans-und-hilde-von-lorentz,institutionen
stiftung-drs-werner-und-louise-greuter-briner,partner-organisationen
stiftung-e-na-bel,studenten-und-studentische-organisationen-an-schweizer-hochschulen
stiftung-erna-und-curt-burgauer,bildende-kunst
stiftung-erna-und-curt-burgauer,musik
stiftung-frei-bett-tieche,jugend-familie
stiftung-frei-bett-tieche,altere-menschen
stiftung-frei-bett-tieche,menschen-mit-behinderungen
stiftung-frei-bett-tieche,kranke
stiftung-friedbrunnen-und-holderbach,jugend-und-familie
stiftung-friedbrunnen-und-holderbach,verwendungszweck-ausbildung
stiftung-friedbrunnen-und-holderbach,verschiedenes
stiftung-fur-erforschung-der-frauenarbeit,projekte-massnahmen-gleichstellung-von-frauen
stiftung-fur-das-lungengesundheit-krankheit-kind,die-stiftung-ist-hauptsachlich-im-kanton-zurich-tatig
stiftung-fur-das-lungengesundheit-krankheit-kind,im-umfeld-des-kinderspitals-zurich-und-des-universitatsspitals-zurich-sowie-den-
stiftung-fur-das-lungengesundheit-krankheit-kind,st-gallen-und-des-kantonsspitals-aarau
stiftung-fur-hochbegabte-kinder,eltern-mit-hochbegabten-kindern-in-der-schweiz
stiftung-hans-und-lilly-knecht-wethli,betagte
stiftung-hans-und-lilly-knecht-wethli,menschen-mit-behinderungen
stiftung-hans-und-lilly-knecht-wethli,kranke
stiftung-hans-und-lilly-knecht-wethli,soz-institutionen
stiftung-hans-und-lilly-knecht-wethli,gesundheit
stiftung-hans-und-lilly-knecht-wethli,armut
stiftung-fur-kinder-in-der-schweiz,kinder-und-jugendliche-bis-18-jahre
stiftung-fur-kinder-in-der-schweiz,die-in-der-schweiz-wohnhaft-und-in-sozialer-not-sind
stiftung-fur-pflegebedurftige,menschen-mit-behinderungen
stiftung-fur-pflegebedurftige,krankheit
stiftung-hedwig-und-heinrich-bunzli-krauer,personen-mit-wohnsitz-in-baretswil-oder-personen-mit-heimatort-baretswil
stiftung-hedwig-und-heinrich-bunzli-krauer,sofern-in-der-schweiz-domiziliert-diese-bestimmung-ist-nicht-verhandelbar
stiftung-hilfe-fur-kinder,betagte-menschen-in-not
stiftung-kinder-gewalt,kinder-und-jugendliche-sowie-deren-familien
stiftung-hulfsgesellschaft-winterthur,jugend-familie
stiftung-hulfsgesellschaft-winterthur,betagte
stiftung-hulfsgesellschaft-winterthur,menschen-mit-behinderungen
stiftung-hulfsgesellschaft-winterthur,armut
stiftung-kinderhilfe-sternschnuppe,kinder
stiftung-kinderhilfe-sternschnuppe,jugendliche
stiftung-kinderhilfe-sternschnuppe,familie
stiftung-kinderhilfe-sternschnuppe,menschen-mit-behinderungen
stiftung-kinderhilfe-sternschnuppe,kranke
stiftung-kinderhilfe-sternschnuppe,armut-es-konnen-nur-kinder-berucksichtigt-werden
stiftung-kinderhilfe-sternschnuppe,die-in-der-schweiz-leben-oder-uber-langere-zeit-hier-behandelt-werden
stiftung-nak-humanitas,soziale
stiftung-nak-humanitas,gemeinnutzige-und-humanitare-institutionen-und-organisationen-in-der-schweiz-und
stiftung-pro-aegrotis,jugend-familie
stiftung-pro-aegrotis,altere-menschen
stiftung-pro-aegrotis,menschen-mit-behinderungen
stiftung-pro-aegrotis,kranke
stiftung-pro-aegrotis,auslander-innen
stiftung-schwiizer-halfed-schwiizer,einzelpersonen
stiftung-schwiizer-halfed-schwiizer,familien
stiftung-solidaritat-mit-sehgeschadigten,organisationen-aus-dem-menschen-mit-behinderungennwesen-betagte
stiftung-solidaritat-mit-sehgeschadigten,menschen-mit-behinderungen
stiftung-solidaritat-mit-sehgeschadigten,soz-institutionen
stiftung-solidaritat-mit-sehgeschadigten,armut
stiftung-solidaritat-mit-sehgeschadigten,kultur
stiftung-solidaritatsfonds-fur-ausl-studierende,auslandischen-studierende
stiftung-solidaritatsfonds-fur-ausl-studierende,welche-regular-an-der-uzh-oder-eth-zurich-immatrikuliert-sind
stiftung-stiefel-zangger,nachwuchsforschende-der-universitat-zurich
stiftung-sos-beobachter,armutsbetroffene
stiftung-sos-beobachter,jugend-familie
stiftung-sos-beobachter,altere-menschen
stiftung-sos-beobachter,menschen-mit-behinderungen
stiftung-sos-beobachter,kranke
stiftung-sos-beobachter,auslander-innen
stiftung-sos-beobachter,ausbildung
stiftung-sos-beobachter,armut
stiftung-uitikon,einwohnerinnen-und-einwohnern
stiftung-uitikon,burgerinnen-und-burger-von-uitikon-und-personen
stiftung-uitikon,die-in-einer-besonderen-beziehung-zur-gemeinde-stehen
stiftung-familienwohnungen,jugend-familie
stiftung-wfjb-wohnraum-fur-jungere-m-mit-behinderungen,jugend-familie
stiftung-wfjb-wohnraum-fur-jungere-m-mit-behinderungen,menschen-mit-behinderungen
stiftung-wfjb-wohnraum-fur-jungere-m-mit-behinderungen,kranke
stiftung-walter-und-anne-marie-boveri,jugend-familie
stiftung-walter-und-anne-marie-boveri,kranke
stiftung-walter-und-anne-marie-boveri,ausbildung
stipendienstiftung-reiser-siemssen-selve-gerdtzen,sehr-gute-studierende-der-universitat-zurich-mit-schweizer-und-deutscher-nationa
swiss-life-ag-stiftung-perspektiven,jugend-familie
swiss-life-ag-stiftung-perspektiven,altere-menschen
swiss-life-ag-stiftung-perspektiven,menschen-mit-behinderungen
swiss-life-ag-stiftung-perspektiven,kranke
swiss-life-ag-stiftung-perspektiven,auslander-innen
swiss-life-ag-stiftung-perspektiven,armut
swo-docu-swiss-welfare-organisation,jugend-und-familie
swo-docu-swiss-welfare-organisation,menschen-mit-behinderungen
swo-docu-swiss-welfare-organisation,soz-institutionen
swo-docu-swiss-welfare-organisation,auslander-innen
swo-docu-swiss-welfare-organisation,gesundheit
swo-docu-swiss-welfare-organisation,armut
swo-docu-swiss-welfare-organisation,ausbildung
swiss-re-foundation,eine-wohltatigkeitsorganisation-muss-die-folgenden-kriterien-erfullen
swiss-re-foundation,um-als-charity-of-the-year-in-betracht-zu-kommen-sitz-in-der-schweiz-konkretes-p
swiss-re-foundation,einen-eintagigen-einsatz-fur-ca-20-swiss-re-mitarbeitenden-organisieren-zu-konne
teamco-foundation-schweiz,jugend-familie
teamco-foundation-schweiz,altere-menschen
turkisch-islamische-stiftung-fur-die-schweiz,auslander-innen
turkisch-islamische-stiftung-fur-die-schweiz,ausbildung
turkisch-islamische-stiftung-fur-die-schweiz,armut
ubs-mitarbeiter-helfen,gemeinnutzige-institutionen-und-projekte-zugunsten-von-personen-mit-einer-behind
ubs-stiftung-fur-soziales-und-ausbildung,gemeinnutzige-organisationen-und-projekte-zugunsten-von-personen-mit-sozialen
ubs-stiftung-fur-soziales-und-ausbildung,korperlichen
ubs-stiftung-fur-soziales-und-ausbildung,geistigen-oder-psychischen-benachteiligungen-und-oder-besonderen-lernbedurfnisse
verena-boller-stiftung,institutionen-und-hilfswerke-mit-sitz-im-kanton-zurich
viktor-durrenberger-stiftung,jugend-familie
viktor-durrenberger-stiftung,ausbildung
vontobel-stiftung,einzelfallhilfe-und-projekte
walder-stiftung-leben-und-wohnen-im-alter,institutionen-zum-wohl-alterer-menschen
walter-bachofner-stiftung,allgemeinbevolkerung-von-fehraltorf-umgebung
walter-und-gertrud-siegenthaler-stiftung,akademischer-nachwuchs-im-bereich-der-medizin-an-der-universitat
wilhelm-stunzi-stiftung,jugend-familie
wilhelm-stunzi-stiftung,auslander-innen
wilhelm-stunzi-stiftung,ausbildung
willy-muller-forderstiftung,personen
willy-muller-forderstiftung,unabhangig-von-geschlecht
willy-muller-forderstiftung,herkunft-und-religion-zwischen-dem-18-und-40-altersjahr-mit-mindestens-zweijahri
willy-muller-forderstiftung,beruflichen-umschulung-oder-weiterbildung-in-handwerk
willy-muller-forderstiftung,gewerbe-und-dienstleistungsberufen-und-beim-gang-in-die-selbststandigkeit-forder
winterhilfe-zurich,menschen-mit-schmalem-budget-armutsbetroffene-und-armutsgefahrdete-personen
wohnstiftung-imfeldsteig-fur-alleinstehende-frauen,alleinstehende-frauen-auch-mit-kindern
zurcher-stiftung-fur-psychisch-gesundheit-krankheit,bedurftige-psychisch-kranke-mit-wohn-oder-heimatort-im-kanton-zurich-angehorige-
zurcher-stiftung-fur-psychisch-gesundheit-krankheit,deren-projekte-direkt-psychisch-kranken-im-kanton-zurich-zugute-kommen
zurcherische-winkelriedstiftung,militarpersonen-im-kanton-zurich
zurcherische-winkelriedstiftung,welche-fursorge-beanspruchen
zurcherische-winkelriedstiftung,militarische-vereine-und-militarische-gesellschaften-im-kanton-zurich
